Model,Base_CV_RMSE_Mean,Base_CV_RMSE_Std,MAE,MSE,RMSE,R2_Score,Best_Params,Best_CV_RMSE
Linear Regression,139.56094112050326,0.2543726847924803,112.4242529133638,19563.67320703133,139.8702012833017,0.4925261246007058,,
Ridge Regression (Tuned),139.55950004898878,0.2543108499019176,112.40406171415464,19543.922651592147,139.7995802983405,0.4930384461266249,{'model__alpha': 100.0},139.49769438174255
Random Forest Regressor (Tuned),157.6766543562781,2.4673864157944383,101.65727692338648,14838.845973317775,121.81480194671654,0.6150862574301064,"{'model__max_depth': None, 'model__min_samples_split': 2, 'model__n_estimators': 100}",121.59055554347736
XGBoost Regressor (Tuned),5.94279797906924,0.1086309359912574,2.820348272788696,20.227487130573767,4.497497874437937,0.9994753070563428,"{'model__colsample_bytree': np.float64(0.9706635463175177), 'model__learning_rate': np.float64(0.15363623929559156), 'model__max_depth': 9, 'model__n_estimators': 414, 'model__subsample': np.float64(0.8083337040103294)}",4.88122256016492
